"","STATION","STATION_NAME","DATE","PRCP","days","total.precip","max.flag","cooksd","tc.station"
"1","GHCND:USW00024227","OLYMPIA AIRPORT WA US","19920123",1.25,1992-01-23,0,"Normal",0.120701185688261,"PBL1"
"2","GHCND:USW00024227","OLYMPIA AIRPORT WA US","19920127",1.48,1992-01-27,2.1,"Normal",0.0398805604156192,"PBL1"
"3","GHCND:USW00024227","OLYMPIA AIRPORT WA US","19941031",2.95,1994-10-31,4.05,"Normal",0.576590068861233,"PBL1"
"4","GHCND:USW00024227","OLYMPIA AIRPORT WA US","19941129",1.05,1994-11-29,1.95,"Normal",0.0409621940972866,"PBL1"
"5","GHCND:USW00024227","OLYMPIA AIRPORT WA US","19941130",2.5,1994-11-30,2.17,"Normal",0.0376823420730587,"PBL1"
"6","GHCND:USW00024227","OLYMPIA AIRPORT WA US","19941226",2.45,1994-12-26,3.15,"Normal",0.153609636128978,"PBL1"
"7","GHCND:USW00024227","OLYMPIA AIRPORT WA US","19950218",2.08,1995-02-18,2.55,"Normal",0.0476700955509235,"PBL1"
"8","GHCND:USW00024227","OLYMPIA AIRPORT WA US","19951010",1.97,1995-10-10,2.74,"Normal",0.115307291125504,"PBL1"
"9","GHCND:USW00024227","OLYMPIA AIRPORT WA US","19951107",1.17,1995-11-07,0,"Normal",0.0921869187759697,"PBL1"
"10","GHCND:USW00024227","OLYMPIA AIRPORT WA US","19951108",1.13,1995-11-08,0,"Normal",0.0800277668571564,"PBL1"
"11","GHCND:USW00024227","OLYMPIA AIRPORT WA US","19951110",1.08,1995-11-10,0,"Normal",0.0666001232834682,"PBL1"
"12","GHCND:USW00024227","OLYMPIA AIRPORT WA US","19951123",1.1,1995-11-23,0,"Normal",0.0717453471362903,"PBL1"
"13","GHCND:USW00024227","OLYMPIA AIRPORT WA US","19951127",1.07,1995-11-27,0,"Normal",0.0641361096731953,"PBL1"
"14","GHCND:USW00024227","OLYMPIA AIRPORT WA US","19951129",2.37,1995-11-29,0,"Normal",1.67854869391873,"PBL1"
"15","GHCND:USW00024227","OLYMPIA AIRPORT WA US","19960107",0.98,1996-01-07,0,"Normal",0.0449688836888356,"PBL1"
"16","GHCND:USW00024227","OLYMPIA AIRPORT WA US","19960206",1.95,1996-02-06,2.64,"Normal",0.090287336932923,"PBL1"
"17","GHCND:USW00024227","OLYMPIA AIRPORT WA US","19960423",2.31,1996-04-23,0.84,"Normal",0.613363003643182,"PBL1"
"18","GHCND:USW00024227","OLYMPIA AIRPORT WA US","19961127",1.1,1996-11-27,2.12,"Normal",0.0582697071531963,"PBL1"
"19","GHCND:USW00024227","OLYMPIA AIRPORT WA US","19971216",2.57,1997-12-16,3.03,"Normal",0.073148628442831,"PBL1"
"20","GHCND:USW00024227","OLYMPIA AIRPORT WA US","19990114",1.58,1999-01-14,0,"Normal",0.314989115152381,"PBL1"
"21","GHCND:USW00024227","OLYMPIA AIRPORT WA US","19990117",1.3,1999-01-17,0,"Normal",0.141661574993677,"PBL1"
"22","GHCND:USW00024227","OLYMPIA AIRPORT WA US","19990118",1.4,1999-01-18,0,"Normal",0.191816632647639,"PBL1"
"23","GHCND:USW00024227","OLYMPIA AIRPORT WA US","19990127",1.32,1999-01-27,0,"Normal",0.150781011735506,"PBL1"
"24","GHCND:USW00024227","OLYMPIA AIRPORT WA US","19990128",2.25,1999-01-28,0,"Normal",1.35325867201931,"PBL1"
"25","GHCND:USW00024227","OLYMPIA AIRPORT WA US","19991214",1.33,1999-12-14,2.22,"Normal",0.0661618371603645,"PBL1"
"26","GHCND:USW00024227","OLYMPIA AIRPORT WA US","19991215",2.53,1999-12-15,3.46,"Normal",0.292411194193806,"PBL1"
"27","GHCND:USW00024227","OLYMPIA AIRPORT WA US","20000114",0.68,2000-01-14,2.51,"Normal",0.0714962292079795,"PBL1"
"28","GHCND:USW00024227","OLYMPIA AIRPORT WA US","20000128",0,2000-01-28,2.7,"Normal",0.0454374649246754,"PBL1"
"29","GHCND:USW00024227","OLYMPIA AIRPORT WA US","20000131",1.05,2000-01-31,0.27,"Normal",0.0331181657422513,"PBL1"
"30","GHCND:USW00024227","OLYMPIA AIRPORT WA US","19941031",2.95,1994-10-31,5.33,"Normal",0.471297518120588,"PBL2"
"31","GHCND:USW00024227","OLYMPIA AIRPORT WA US","19941129",1.05,1994-11-29,2.62,"Normal",0.0580890911118404,"PBL2"
"32","GHCND:USW00024227","OLYMPIA AIRPORT WA US","19941219",1.37,1994-12-19,3.2,"Normal",0.123991438910383,"PBL2"
"33","GHCND:USW00024227","OLYMPIA AIRPORT WA US","19941226",2.45,1994-12-26,4.82,"Normal",0.466331544022062,"PBL2"
"34","GHCND:USW00024227","OLYMPIA AIRPORT WA US","19941227",1.11,1994-12-27,2.73,"Normal",0.0679340701245347,"PBL2"
"35","GHCND:USW00024227","OLYMPIA AIRPORT WA US","19960207",1.98,1996-02-07,2.35,"Normal",0.064684369875555,"PBL2"
"36","GHCND:USW00024227","OLYMPIA AIRPORT WA US","19960208",2.75,1996-02-08,2.27,"Normal",1.29538745531022,"PBL2"
"37","GHCND:USW00024227","OLYMPIA AIRPORT WA US","19960423",2.31,1996-04-23,4.35,"Normal",0.250027369915085,"PBL2"
"38","GHCND:USW00024227","OLYMPIA AIRPORT WA US","19970419",1.58,1997-04-19,0.68,"Normal",0.334793690637051,"PBL2"
"39","GHCND:USW00024227","OLYMPIA AIRPORT WA US","19970916",0.95,1997-09-16,2.96,"Normal",0.100677113843628,"PBL2"
"40","GHCND:USW00024227","OLYMPIA AIRPORT WA US","19971030",2.04,1997-10-30,2.11,"Normal",0.171233409352865,"PBL2"
"41","GHCND:USW00024227","OLYMPIA AIRPORT WA US","19971216",2.57,1997-12-16,3.1,"Normal",0.164813813365952,"PBL2"
"42","GHCND:USW00024227","OLYMPIA AIRPORT WA US","19981113",2.59,1998-11-13,4.63,"Normal",0.23976957364145,"PBL2"
"43","GHCND:USW00024227","OLYMPIA AIRPORT WA US","19981120",2.42,1998-11-20,4.39,"Normal",0.210756174788998,"PBL2"
"44","GHCND:USW00024227","OLYMPIA AIRPORT WA US","19990128",2.25,1999-01-28,3.97,"Normal",0.112829156492318,"PBL2"
"45","GHCND:USW00024227","OLYMPIA AIRPORT WA US","19991214",1.33,1999-12-14,2.86,"Normal",0.0672465779848428,"PBL2"
"46","GHCND:USW00024227","OLYMPIA AIRPORT WA US","19941026",1.52,1994-10-26,0,"Normal",0.834819567430432,"PDE1"
"47","GHCND:USW00024227","OLYMPIA AIRPORT WA US","19941031",2.95,1994-10-31,0,"Normal",15.1924244262126,"PDE1"
"48","GHCND:USW00024227","OLYMPIA AIRPORT WA US","19941226",2.45,1994-12-26,2.48,"Normal",0.214199418725121,"PDE1"
"49","GHCND:USW00024227","OLYMPIA AIRPORT WA US","19950218",2.08,1995-02-18,2.18,"Normal",0.155467510012797,"PDE1"
"50","GHCND:USW00024227","OLYMPIA AIRPORT WA US","19960208",2.75,1996-02-08,2.91,"Normal",0.611363619268366,"PDE1"
"51","GHCND:USW00024227","OLYMPIA AIRPORT WA US","19941026",1.52,1994-10-26,2.17,"Normal",0.191952007995106,"PDE2"
"52","GHCND:USW00024227","OLYMPIA AIRPORT WA US","19941031",2.95,1994-10-31,3,"Normal",0.674317913402013,"PDE2"
"53","GHCND:USW00024227","OLYMPIA AIRPORT WA US","19951129",2.37,1995-11-29,0,"Normal",0.951200512700063,"PDE2"
"54","GHCND:USW00024227","OLYMPIA AIRPORT WA US","19960206",1.95,1996-02-06,1.91,"Normal",0.0919429582155103,"PDE2"
"55","GHCND:USW00024227","OLYMPIA AIRPORT WA US","19960207",1.98,1996-02-07,1.97,"Normal",0.108066516911384,"PDE2"
"56","GHCND:USW00024227","OLYMPIA AIRPORT WA US","19960208",2.75,1996-02-08,3.39,"Normal",1.29741868918834,"PDE2"
"57","GHCND:USW00024227","OLYMPIA AIRPORT WA US","19970318",1.9,1997-03-18,0.55,"Normal",0.121482804002335,"PDE2"
"58","GHCND:USW00024227","OLYMPIA AIRPORT WA US","19970419",1.58,1997-04-19,0.02,"Normal",0.169837915484498,"PDE2"
"59","GHCND:USW00024227","OLYMPIA AIRPORT WA US","19980105",1.46,1998-01-05,1.65,"Normal",0.0597356173351512,"PDE2"
"60","GHCND:USW00024227","OLYMPIA AIRPORT WA US","19981227",2.58,1998-12-27,2.82,"Normal",0.561533917821799,"PDE2"
"61","GHCND:USW00024227","OLYMPIA AIRPORT WA US","19990114",1.58,1999-01-14,0,"Normal",0.17644284329203,"PDE2"
"62","GHCND:USW00024227","OLYMPIA AIRPORT WA US","19990117",1.3,1999-01-17,0,"Normal",0.0792293321311546,"PDE2"
"63","GHCND:USW00024227","OLYMPIA AIRPORT WA US","19990118",1.4,1999-01-18,0,"Normal",0.107303454052446,"PDE2"
"64","GHCND:USW00024227","OLYMPIA AIRPORT WA US","19990127",1.32,1999-01-27,0,"Normal",0.0843299001714193,"PDE2"
"65","GHCND:USW00024227","OLYMPIA AIRPORT WA US","19990128",2.25,1999-01-28,0,"Normal",0.765278302049432,"PDE2"
"66","GHCND:USW00024227","OLYMPIA AIRPORT WA US","19921121",1.79,1992-11-21,0.02,"Normal",0.573163920743022,"PEA1"
"67","GHCND:USW00024227","OLYMPIA AIRPORT WA US","19921123",0,1992-11-23,2.26,"Normal",0.0536971862758393,"PEA1"
"68","GHCND:USW00024227","OLYMPIA AIRPORT WA US","19941031",2.95,1994-10-31,3.16,"Normal",0.273283144845044,"PEA1"
"69","GHCND:USW00024227","OLYMPIA AIRPORT WA US","19950218",2.08,1995-02-18,2.24,"Normal",0.0666728631567027,"PEA1"
"70","GHCND:USW00024227","OLYMPIA AIRPORT WA US","19950219",1.64,1995-02-19,2.09,"Normal",0.0921076461664975,"PEA1"
"71","GHCND:USW00024227","OLYMPIA AIRPORT WA US","19951123",1.1,1995-11-23,0,"Normal",0.079663164036136,"PEA1"
"72","GHCND:USW00024227","OLYMPIA AIRPORT WA US","19951127",1.07,1995-11-27,0.01,"Normal",0.0696581511871613,"PEA1"
"73","GHCND:USW00024227","OLYMPIA AIRPORT WA US","19951129",2.37,1995-11-29,0.01,"Normal",1.86269365004658,"PEA1"
"74","GHCND:USW00024227","OLYMPIA AIRPORT WA US","19960107",0.98,1996-01-07,0,"Normal",0.0498484560538217,"PEA1"
"75","GHCND:USW00024227","OLYMPIA AIRPORT WA US","19960208",2.75,1996-02-08,3.34,"Normal",0.579870564489071,"PEA1"
"76","GHCND:USW00024227","OLYMPIA AIRPORT WA US","19960915",0.6,1996-09-15,1.67,"Normal",0.0350138637830228,"PEA1"
"77","GHCND:USW00024227","OLYMPIA AIRPORT WA US","19961127",1.1,1996-11-27,0,"Normal",0.079663164036136,"PEA1"
"78","GHCND:USW00024227","OLYMPIA AIRPORT WA US","19961204",1.29,1996-12-04,0,"Normal",0.152773872491256,"PEA1"
"79","GHCND:USW00024227","OLYMPIA AIRPORT WA US","19961224",1.41,1996-12-24,0,"Normal",0.220090590421575,"PEA1"
"80","GHCND:USW00024227","OLYMPIA AIRPORT WA US","19961231",1.63,1996-12-31,0,"Normal",0.399754257355632,"PEA1"
"81","GHCND:USW00024227","OLYMPIA AIRPORT WA US","19970102",1.08,1997-01-02,0,"Normal",0.0739300661780991,"PEA1"
"82","GHCND:USW00024227","OLYMPIA AIRPORT WA US","19970106",1.01,1997-01-06,0,"Normal",0.0563190620734157,"PEA1"
"83","GHCND:USW00024227","OLYMPIA AIRPORT WA US","19970318",1.9,1997-03-18,1.07,"Normal",0.0912711031996392,"PEA1"
"84","GHCND:USW00024227","OLYMPIA AIRPORT WA US","19971216",2.57,1997-12-16,2.7,"Normal",0.12423135320498,"PEA1"
"85","GHCND:USW00024227","OLYMPIA AIRPORT WA US","19980105",1.46,1998-01-05,2.18,"Normal",0.133893295444118,"PEA1"
"86","GHCND:USW00024227","OLYMPIA AIRPORT WA US","19981113",2.59,1998-11-13,1.74,"Normal",0.133713864799172,"PEA1"
"87","GHCND:USW00024227","OLYMPIA AIRPORT WA US","19981121",1.36,1998-11-21,1.8,"Normal",0.0531823986340112,"PEA1"
"88","GHCND:USW00024227","OLYMPIA AIRPORT WA US","19981125",3.06,1998-11-25,3.36,"Normal",0.406388003137939,"PEA1"
"89","GHCND:USW00024227","OLYMPIA AIRPORT WA US","19981227",2.58,1998-12-27,2.72,"Normal",0.131280328365303,"PEA1"
"90","GHCND:USW00024227","OLYMPIA AIRPORT WA US","19990118",1.4,1999-01-18,1.68,"Normal",0.0319920959239987,"PEA1"
"91","GHCND:USW00024227","OLYMPIA AIRPORT WA US","19990128",2.25,1999-01-28,2.35,"Normal",0.0665536003068777,"PEA1"
"92","GHCND:USW00024227","OLYMPIA AIRPORT WA US","19991111",1.24,1999-11-11,1.64,"Normal",0.0361546366291232,"PEA1"
"93","GHCND:USW00024227","OLYMPIA AIRPORT WA US","19991125",1.66,1999-11-25,1.95,"Normal",0.0554717669989309,"PEA1"
"94","GHCND:USW00024227","OLYMPIA AIRPORT WA US","19991215",2.53,1999-12-15,1.82,"Normal",0.0685307897846557,"PEA1"
"95","GHCND:USW00024227","OLYMPIA AIRPORT WA US","19971030",2.04,1997-10-30,1.69,"Normal",0.426929795112425,"PEB1"
"96","GHCND:USW00024227","OLYMPIA AIRPORT WA US","19980105",1.46,1998-01-05,0.38,"Normal",1.99701468596403,"PEB1"
"97","GHCND:USW00024227","OLYMPIA AIRPORT WA US","19901124",4.08,1990-11-24,3.91,"Normal",0.478753004326384,"PGC1"
"98","GHCND:USW00024227","OLYMPIA AIRPORT WA US","19901204",1.16,1990-12-04,1.9,"Normal",0.024592937385921,"PGC1"
"99","GHCND:USW00024227","OLYMPIA AIRPORT WA US","19910403",1.82,1991-04-03,3.24,"Normal",0.259877145236021,"PGC1"
"100","GHCND:USW00024227","OLYMPIA AIRPORT WA US","19911119",0.83,1991-11-19,1.93,"Normal",0.0349961686096722,"PGC1"
"101","GHCND:USW00024227","OLYMPIA AIRPORT WA US","19920127",1.48,1992-01-27,2.43,"Normal",0.0684524807570126,"PGC1"
"102","GHCND:USW00024227","OLYMPIA AIRPORT WA US","19941130",2.5,1994-11-30,3.44,"Normal",0.142540964789367,"PGC1"
"103","GHCND:USW00024227","OLYMPIA AIRPORT WA US","19941217",0.77,1994-12-17,1.85,"Normal",0.0294175784376095,"PGC1"
"104","GHCND:USW00024227","OLYMPIA AIRPORT WA US","19941219",1.37,1994-12-19,2.79,"Normal",0.155651963197467,"PGC1"
"105","GHCND:USW00024227","OLYMPIA AIRPORT WA US","19941226",2.45,1994-12-26,3.3,"Normal",0.102381036542026,"PGC1"
"106","GHCND:USW00024227","OLYMPIA AIRPORT WA US","19941227",1.11,1994-12-27,2.08,"Normal",0.0440536305255065,"PGC1"
"107","GHCND:USW00024227","OLYMPIA AIRPORT WA US","19951010",1.97,1995-10-10,0.4,"Normal",0.720069806789802,"PGC1"
"108","GHCND:USW00024227","OLYMPIA AIRPORT WA US","19951011",0.4,1995-10-11,2.24,"Normal",0.0334435832107778,"PGC1"
"109","GHCND:USW00024227","OLYMPIA AIRPORT WA US","19951108",1.13,1995-11-08,2.13,"Normal",0.0488323379773875,"PGC1"
"110","GHCND:USW00024227","OLYMPIA AIRPORT WA US","19960120",1,1996-01-20,1.82,"Normal",0.0247032888618725,"PGC1"
"111","GHCND:USW00024227","OLYMPIA AIRPORT WA US","19960207",1.98,1996-02-07,1.88,"Normal",0.0269883929809859,"PGC1"
"112","GHCND:USW00024227","OLYMPIA AIRPORT WA US","19960208",2.75,1996-02-08,2.03,"Normal",0.502528583679692,"PGC1"
"113","GHCND:USW00024227","OLYMPIA AIRPORT WA US","19960423",2.31,1996-04-23,3.99,"Normal",0.59087133839191,"PGC1"
"114","GHCND:USW00024227","OLYMPIA AIRPORT WA US","19961127",1.1,1996-11-27,0.13,"Normal",0.079040420777348,"PGC1"
"115","GHCND:USW00024227","OLYMPIA AIRPORT WA US","19961204",1.29,1996-12-04,0.65,"Normal",0.0578555081517459,"PGC1"
"116","GHCND:USW00024227","OLYMPIA AIRPORT WA US","19961205",0.79,1996-12-05,0.01,"Normal",0.0256060934493805,"PGC1"
"117","GHCND:USW00024227","OLYMPIA AIRPORT WA US","19961224",1.41,1996-12-24,0.33,"Normal",0.170412848982036,"PGC1"
"118","GHCND:USW00024227","OLYMPIA AIRPORT WA US","19970301",1.23,1997-03-01,2.07,"Normal",0.0371254545960912,"PGC1"
"119","GHCND:USW00024227","OLYMPIA AIRPORT WA US","19970318",1.9,1997-03-18,2.82,"Normal",0.0929765576762591,"PGC1"
"120","GHCND:USW00024227","OLYMPIA AIRPORT WA US","19970319",1.51,1997-03-19,1.27,"Normal",0.023279014229908,"PGC1"
"121","GHCND:USW00024227","OLYMPIA AIRPORT WA US","19970916",0.95,1997-09-16,1.9,"Normal",0.0319137955972386,"PGC1"
"122","GHCND:USW00024227","OLYMPIA AIRPORT WA US","19971030",2.04,1997-10-30,1.84,"Normal",0.0490643636633673,"PGC1"
"123","GHCND:USW00024227","OLYMPIA AIRPORT WA US","19971216",2.57,1997-12-16,2.62,"Normal",0.0282732091744505,"PGC1"
"124","GHCND:USW00024227","OLYMPIA AIRPORT WA US","19981113",2.59,1998-11-13,1.54,"Normal",0.737607951648901,"PGC1"
"125","GHCND:USW00024227","OLYMPIA AIRPORT WA US","19981120",2.42,1998-11-20,3.34,"Normal",0.128558442108302,"PGC1"
"126","GHCND:USW00024227","OLYMPIA AIRPORT WA US","19981125",3.06,1998-11-25,3.15,"Normal",0.0471810622968271,"PGC1"
"127","GHCND:USW00024227","OLYMPIA AIRPORT WA US","19990127",1.32,1999-01-27,2.09,"Normal",0.0334283993717926,"PGC1"
"128","GHCND:USW00024227","OLYMPIA AIRPORT WA US","19990128",2.25,1999-01-28,2.95,"Normal",0.0503268588714358,"PGC1"
"129","GHCND:USW00024227","OLYMPIA AIRPORT WA US","19990224",1.98,1999-02-24,0.6,"Normal",0.584633298226677,"PGC1"
"130","GHCND:USW00024227","OLYMPIA AIRPORT WA US","19990303",1.31,1999-03-03,0.94,"Normal",0.0267087131884228,"PGC1"
"131","GHCND:USW00024227","OLYMPIA AIRPORT WA US","19991215",2.53,1999-12-15,2.36,"Normal",0.0879322355674366,"PGC1"
"132","GHCND:USW00024227","OLYMPIA AIRPORT WA US","19881229",2.03,1988-12-29,2.53,"Normal",0.0211449089513453,"PPE1"
"133","GHCND:USW00024227","OLYMPIA AIRPORT WA US","19900109",3.82,1990-01-09,3.86,"Normal",0.0633220634284854,"PPE1"
"134","GHCND:USW00024227","OLYMPIA AIRPORT WA US","19901109",1.52,1990-11-09,2.23,"Normal",0.0362199319046003,"PPE1"
"135","GHCND:USW00024227","OLYMPIA AIRPORT WA US","19901123",2.54,1990-11-23,3.57,"Normal",0.215253495206544,"PPE1"
"136","GHCND:USW00024227","OLYMPIA AIRPORT WA US","19901124",4.08,1990-11-24,4.81,"Normal",0.136188415175167,"PPE1"
"137","GHCND:USW00024227","OLYMPIA AIRPORT WA US","19910403",1.82,1991-04-03,2.58,"Normal",0.0578754108938072,"PPE1"
"138","GHCND:USW00024227","OLYMPIA AIRPORT WA US","19910404",3.11,1991-04-04,3.75,"Normal",0.0710274725210069,"PPE1"
"139","GHCND:USW00024227","OLYMPIA AIRPORT WA US","19911119",0.83,1991-11-19,1.59,"Normal",0.0144917253906357,"PPE1"
"140","GHCND:USW00024227","OLYMPIA AIRPORT WA US","19930124",0.91,1993-01-24,1.82,"Normal",0.0255748393792999,"PPE1"
"141","GHCND:USW00024227","OLYMPIA AIRPORT WA US","19940213",1.5,1994-02-13,2.09,"Normal",0.0222031964876667,"PPE1"
"142","GHCND:USW00024227","OLYMPIA AIRPORT WA US","19941219",1.37,1994-12-19,2.26,"Normal",0.0518029506600505,"PPE1"
"143","GHCND:USW00024227","OLYMPIA AIRPORT WA US","19941226",2.45,1994-12-26,3.13,"Normal",0.0665024561368221,"PPE1"
"144","GHCND:USW00024227","OLYMPIA AIRPORT WA US","19950218",2.08,1995-02-18,2.56,"Normal",0.0190725019717525,"PPE1"
"145","GHCND:USW00024227","OLYMPIA AIRPORT WA US","19951010",1.97,1995-10-10,0.04,"Normal",0.840249344419474,"PPE1"
"146","GHCND:USW00024227","OLYMPIA AIRPORT WA US","19951025",0.73,1995-10-25,0,"Normal",0.0155815817266017,"PPE1"
"147","GHCND:USW00024227","OLYMPIA AIRPORT WA US","19951108",1.13,1995-11-08,2.01,"Normal",0.0354556962402384,"PPE1"
"148","GHCND:USW00024227","OLYMPIA AIRPORT WA US","19951210",0.76,1995-12-10,0,"Normal",0.0182435080796337,"PPE1"
"149","GHCND:USW00024227","OLYMPIA AIRPORT WA US","19951212",0.84,1995-12-12,0,"Normal",0.0271014367236757,"PPE1"
"150","GHCND:USW00024227","OLYMPIA AIRPORT WA US","19951214",0.82,1995-12-14,0,"Normal",0.0246269724079064,"PPE1"
"151","GHCND:USW00024227","OLYMPIA AIRPORT WA US","19960206",1.95,1996-02-06,2.48,"Normal",0.0240502352465583,"PPE1"
"152","GHCND:USW00024227","OLYMPIA AIRPORT WA US","19960208",2.75,1996-02-08,2.69,"Normal",0.0338961178772559,"PPE1"
"153","GHCND:USW00024227","OLYMPIA AIRPORT WA US","19960422",1.36,1996-04-22,1.9,"Normal",0.0151303204490825,"PPE1"
"154","GHCND:USW00024227","OLYMPIA AIRPORT WA US","19960423",2.31,1996-04-23,3.36,"Normal",0.192921621659378,"PPE1"
"155","GHCND:USW00024227","OLYMPIA AIRPORT WA US","19970101",0.83,1997-01-01,0.01,"Normal",0.0252758571950566,"PPE1"
"156","GHCND:USW00024227","OLYMPIA AIRPORT WA US","19970531",0.94,1997-05-31,1.72,"Normal",0.0192481725996126,"PPE1"
"157","GHCND:USW00024227","OLYMPIA AIRPORT WA US","19980114",1.16,1998-01-14,2.05,"Normal",0.0381807850851189,"PPE1"
"158","GHCND:USW00024227","OLYMPIA AIRPORT WA US","19981113",2.59,1998-11-13,2.16,"Normal",0.14520157984527,"PPE1"
"159","GHCND:USW00024227","OLYMPIA AIRPORT WA US","19981120",2.42,1998-11-20,0.38,"Normal",1.49079693083524,"PPE1"
"160","GHCND:USW00024227","OLYMPIA AIRPORT WA US","19981121",1.36,1998-11-21,0.4,"Normal",0.101631839871144,"PPE1"
"161","GHCND:USW00024227","OLYMPIA AIRPORT WA US","19981125",3.06,1998-11-25,1.06,"Normal",2.49398607297246,"PPE1"
"162","GHCND:USW00024227","OLYMPIA AIRPORT WA US","19981126",0.73,1998-11-26,0.03,"Normal",0.0144362892439636,"PPE1"
"163","GHCND:USW00024227","OLYMPIA AIRPORT WA US","19981201",1.76,1998-12-01,0.03,"Normal",0.531787480580142,"PPE1"
"164","GHCND:USW00024227","OLYMPIA AIRPORT WA US","19981207",1.13,1998-12-07,0,"Normal",0.0895164671994559,"PPE1"
"165","GHCND:USW00024227","OLYMPIA AIRPORT WA US","19990206",0.95,1999-02-06,0.43,"Normal",0.0152368466286377,"PPE1"
"166","GHCND:USW00024227","OLYMPIA AIRPORT WA US","19990207",0.93,1999-02-07,0,"Normal",0.040716114480987,"PPE1"
"167","GHCND:USW00024227","OLYMPIA AIRPORT WA US","19991109",0.84,1999-11-09,1.63,"Normal",0.0161430233037405,"PPE1"
"168","GHCND:USW00024227","OLYMPIA AIRPORT WA US","19991111",1.24,1999-11-11,0.77,"Normal",0.0242465950645357,"PPE1"
"169","GHCND:USW00024227","OLYMPIA AIRPORT WA US","19991112",1.3,1999-11-12,0,"Normal",0.158512152768031,"PPE1"
"170","GHCND:USW00024227","OLYMPIA AIRPORT WA US","19991120",0.79,1999-11-20,0.11,"Normal",0.0161929991188235,"PPE1"
"171","GHCND:USW00024227","OLYMPIA AIRPORT WA US","19991123",0,1999-11-23,1.71,"Normal",0.0185002747245575,"PPE1"
"172","GHCND:USW00024227","OLYMPIA AIRPORT WA US","19991124",1.35,1999-11-24,0.18,"Normal",0.142479127414292,"PPE1"
"173","GHCND:USW00024227","OLYMPIA AIRPORT WA US","19991125",1.66,1999-11-25,0.32,"Normal",0.29226574161658,"PPE1"
"174","GHCND:USW00024227","OLYMPIA AIRPORT WA US","19991215",2.53,1999-12-15,2.34,"Normal",0.0539054220387536,"PPE1"
"175","GHCND:USW00024227","OLYMPIA AIRPORT WA US","19941031",2.95,1994-10-31,3.38,"Normal",0.111223446845526,"PSC1"
"176","GHCND:USW00024227","OLYMPIA AIRPORT WA US","19941130",2.5,1994-11-30,2.24,"Normal",0.038019619577628,"PSC1"
"177","GHCND:USW00024227","OLYMPIA AIRPORT WA US","19950219",1.64,1995-02-19,2.36,"Normal",0.0903024597574295,"PSC1"
"178","GHCND:USW00024227","OLYMPIA AIRPORT WA US","19951010",1.97,1995-10-10,2.44,"Normal",0.0550196278856451,"PSC1"
"179","GHCND:USW00024227","OLYMPIA AIRPORT WA US","19951108",1.13,1995-11-08,1.86,"Normal",0.0421124025439717,"PSC1"
"180","GHCND:USW00024227","OLYMPIA AIRPORT WA US","19951129",2.37,1995-11-29,2.85,"Normal",0.0862238411349277,"PSC1"
"181","GHCND:USW00024227","OLYMPIA AIRPORT WA US","19960107",0.98,1996-01-07,0,"Normal",0.0641499808771959,"PSC1"
"182","GHCND:USW00024227","OLYMPIA AIRPORT WA US","19960207",1.98,1996-02-07,2.39,"Normal",0.0416300019589349,"PSC1"
"183","GHCND:USW00024227","OLYMPIA AIRPORT WA US","19960208",2.75,1996-02-08,3.67,"Normal",0.463632971410103,"PSC1"
"184","GHCND:USW00024227","OLYMPIA AIRPORT WA US","19960423",2.31,1996-04-23,2.72,"Normal",0.0583432632119524,"PSC1"
"185","GHCND:USW00024227","OLYMPIA AIRPORT WA US","19960623",0.86,1996-06-23,0.01,"Normal",0.0374513878812351,"PSC1"
"186","GHCND:USW00024227","OLYMPIA AIRPORT WA US","19970318",1.9,1997-03-18,1.33,"Normal",0.0912047340917973,"PSC1"
"187","GHCND:USW00024227","OLYMPIA AIRPORT WA US","19971003",1.02,1997-10-03,0.03,"Normal",0.0709979749295791,"PSC1"
"188","GHCND:USW00024227","OLYMPIA AIRPORT WA US","19971029",1.34,1997-10-29,0.19,"Normal",0.168181815331575,"PSC1"
"189","GHCND:USW00024227","OLYMPIA AIRPORT WA US","19971030",2.04,1997-10-30,0.25,"Normal",0.989214996896748,"PSC1"
"190","GHCND:USW00024227","OLYMPIA AIRPORT WA US","19980105",1.46,1998-01-05,1.98,"Normal",0.035661445622768,"PSC1"
"191","GHCND:USW00024227","OLYMPIA AIRPORT WA US","19981120",2.42,1998-11-20,2.09,"Normal",0.0549427355925756,"PSC1"
"192","GHCND:USW00024227","OLYMPIA AIRPORT WA US","19990224",1.98,1999-02-24,0.07,"Normal",1.05377627160231,"PSC1"
"193","GHCND:USW00024227","OLYMPIA AIRPORT WA US","19940213",1.5,1994-02-13,3.52,"Normal",0.197362782469734,"PSL1"
"194","GHCND:USW00024227","OLYMPIA AIRPORT WA US","19940215",1.1,1994-02-15,0.22,"Normal",0.0457994720391115,"PSL1"
"195","GHCND:USW00024227","OLYMPIA AIRPORT WA US","19941031",2.95,1994-10-31,4.44,"Normal",0.230127547815838,"PSL1"
"196","GHCND:USW00024227","OLYMPIA AIRPORT WA US","19941130",2.5,1994-11-30,2.25,"Normal",0.12506108606642,"PSL1"
"197","GHCND:USW00024227","OLYMPIA AIRPORT WA US","19941208",0.8,1994-12-08,2.41,"Normal",0.0379016644716771,"PSL1"
"198","GHCND:USW00024227","OLYMPIA AIRPORT WA US","19941219",1.37,1994-12-19,3.37,"Normal",0.163792995411556,"PSL1"
"199","GHCND:USW00024227","OLYMPIA AIRPORT WA US","19951107",1.17,1995-11-07,0,"Normal",0.0838607047993602,"PSL1"
"200","GHCND:USW00024227","OLYMPIA AIRPORT WA US","19951108",1.13,1995-11-08,0,"Normal",0.0728586315414702,"PSL1"
"201","GHCND:USW00024227","OLYMPIA AIRPORT WA US","19951110",1.08,1995-11-10,0,"Normal",0.0607086760736998,"PSL1"
"202","GHCND:USW00024227","OLYMPIA AIRPORT WA US","19951123",1.1,1995-11-23,0,"Normal",0.065364378133969,"PSL1"
"203","GHCND:USW00024227","OLYMPIA AIRPORT WA US","19951127",1.07,1995-11-27,0,"Normal",0.058479038174826,"PSL1"
"204","GHCND:USW00024227","OLYMPIA AIRPORT WA US","19951129",2.37,1995-11-29,0,"Normal",1.52460090315054,"PSL1"
"205","GHCND:USW00024227","OLYMPIA AIRPORT WA US","19960107",0.98,1996-01-07,0,"Normal",0.0411323232139085,"PSL1"
"206","GHCND:USW00024227","OLYMPIA AIRPORT WA US","19960120",1,1996-01-20,3.64,"Normal",0.170922973572794,"PSL1"
"207","GHCND:USW00024227","OLYMPIA AIRPORT WA US","19960206",1.95,1996-02-06,2.92,"Normal",0.0370374262573193,"PSL1"
"208","GHCND:USW00024227","OLYMPIA AIRPORT WA US","19960208",2.75,1996-02-08,2.11,"Normal",0.378369733428196,"PSL1"
"209","GHCND:USW00024227","OLYMPIA AIRPORT WA US","19960423",2.31,1996-04-23,3.9,"Normal",0.212594559747463,"PSL1"
"210","GHCND:USW00024227","OLYMPIA AIRPORT WA US","19971030",2.04,1997-10-30,1.8,"Normal",0.0608802564738639,"PSL1"
"211","GHCND:USW00024227","OLYMPIA AIRPORT WA US","19981113",2.59,1998-11-13,2.34,"Normal",0.141383188474257,"PSL1"
"212","GHCND:USW00024227","OLYMPIA AIRPORT WA US","19981120",2.42,1998-11-20,4,"Normal",0.222002282951263,"PSL1"
"213","GHCND:USW00024227","OLYMPIA AIRPORT WA US","19990224",1.98,1999-02-24,0.27,"Normal",0.570100054661218,"PSL1"
"214","GHCND:USW00024227","OLYMPIA AIRPORT WA US","19891204",2.27,1989-12-04,2.09,"Normal",0.0363818331584061,"PWD1"
"215","GHCND:USW00024227","OLYMPIA AIRPORT WA US","19901109",1.52,1990-11-09,2.4,"Normal",0.116682092052172,"PWD1"
"216","GHCND:USW00024227","OLYMPIA AIRPORT WA US","19901123",2.54,1990-11-23,3.61,"Normal",0.481163848187958,"PWD1"
"217","GHCND:USW00024227","OLYMPIA AIRPORT WA US","19901124",4.08,1990-11-24,4.89,"Normal",0.563917356706752,"PWD1"
"218","GHCND:USW00024227","OLYMPIA AIRPORT WA US","19910219",2.07,1991-02-19,2.51,"Normal",0.0395188290285732,"PWD1"
"219","GHCND:USW00024227","OLYMPIA AIRPORT WA US","19910302",0.92,1991-03-02,1.51,"Normal",0.0186045942523231,"PWD1"
"220","GHCND:USW00024227","OLYMPIA AIRPORT WA US","19910303",0.88,1991-03-03,1.51,"Normal",0.0197354631392832,"PWD1"
"221","GHCND:USW00024227","OLYMPIA AIRPORT WA US","19910403",1.82,1991-04-03,2.64,"Normal",0.140762706854708,"PWD1"
"222","GHCND:USW00024227","OLYMPIA AIRPORT WA US","19910404",3.11,1991-04-04,4.32,"Normal",0.931916216131828,"PWD1"
"223","GHCND:USW00024227","OLYMPIA AIRPORT WA US","19911116",0.54,1991-11-16,1.45,"Normal",0.0179494957534798,"PWD1"
"224","GHCND:USW00024227","OLYMPIA AIRPORT WA US","19911119",0.83,1991-11-19,1.83,"Normal",0.0471260148162078,"PWD1"
"225","GHCND:USW00024227","OLYMPIA AIRPORT WA US","19911124",0.9,1991-11-24,1.61,"Normal",0.0266358380651972,"PWD1"
"226","GHCND:USW00024227","OLYMPIA AIRPORT WA US","19911126",0.68,1991-11-26,1.47,"Normal",0.019839400206427,"PWD1"
"227","GHCND:USW00024227","OLYMPIA AIRPORT WA US","19911205",1.45,1991-12-05,2.28,"Normal",0.0936902137478704,"PWD1"
"228","GHCND:USW00024227","OLYMPIA AIRPORT WA US","19920123",1.25,1992-01-23,1.69,"Normal",0.0169063268236137,"PWD1"
"229","GHCND:USW00024227","OLYMPIA AIRPORT WA US","19920127",1.48,1992-01-27,1.87,"Normal",0.0169376372928215,"PWD1"
"230","GHCND:USW00024227","OLYMPIA AIRPORT WA US","19920416",1.7,1992-04-16,3.55,"Normal",0.714334109076542,"PWD1"
"231","GHCND:USW00024227","OLYMPIA AIRPORT WA US","19920429",0.56,1992-04-29,1.45,"Normal",0.018187662360104,"PWD1"
"232","GHCND:USW00024227","OLYMPIA AIRPORT WA US","19920806",0.75,1992-08-06,0,"Normal",0.0264510123497291,"PWD1"
"233","GHCND:USW00024227","OLYMPIA AIRPORT WA US","19920923",1.16,1992-09-23,0,"Normal",0.152759411702963,"PWD1"
"234","GHCND:USW00024227","OLYMPIA AIRPORT WA US","19930120",1.21,1993-01-20,0.84,"Normal",0.0209759266723834,"PWD1"
"235","GHCND:USW00024227","OLYMPIA AIRPORT WA US","19930124",0.91,1993-01-24,0.02,"Normal",0.0547498253937427,"PWD1"
"236","GHCND:USW00024227","OLYMPIA AIRPORT WA US","19930125",0.79,1993-01-25,0.03,"Normal",0.0301742897578279,"PWD1"
"237","GHCND:USW00024227","OLYMPIA AIRPORT WA US","19940213",1.5,1994-02-13,1.95,"Normal",0.0245817245112319,"PWD1"
"238","GHCND:USW00024227","OLYMPIA AIRPORT WA US","19941026",1.52,1994-10-26,1.25,"Normal",0.0218495922100986,"PWD1"
"239","GHCND:USW00024227","OLYMPIA AIRPORT WA US","19950218",2.08,1995-02-18,1.94,"Normal",0.0209419601216272,"PWD1"
"240","GHCND:USW00024227","OLYMPIA AIRPORT WA US","19951108",1.13,1995-11-08,1.84,"Normal",0.0411741915188758,"PWD1"
"241","GHCND:USW00024227","OLYMPIA AIRPORT WA US","19951129",2.37,1995-11-29,2.2,"Normal",0.0384628265546492,"PWD1"
"242","GHCND:USW00024227","OLYMPIA AIRPORT WA US","19960205",1.32,1996-02-05,0.8,"Normal",0.0464821935498898,"PWD1"
"243","GHCND:USW00024227","OLYMPIA AIRPORT WA US","19960206",1.95,1996-02-06,0.58,"Normal",0.661523499940146,"PWD1"
"244","GHCND:USW00024227","OLYMPIA AIRPORT WA US","19960207",1.98,1996-02-07,1.6,"Normal",0.0728136811826685,"PWD1"
"245","GHCND:USW00024227","OLYMPIA AIRPORT WA US","19960208",2.75,1996-02-08,2.2,"Normal",0.300515306091036,"PWD1"
"246","GHCND:USW00024227","OLYMPIA AIRPORT WA US","19960423",2.31,1996-04-23,2.93,"Normal",0.112466468194554,"PWD1"
"247","GHCND:USW00024227","OLYMPIA AIRPORT WA US","19961119",0.86,1996-11-19,0.29,"Normal",0.0210494412034829,"PWD1"
"248","GHCND:USW00024227","OLYMPIA AIRPORT WA US","19970318",1.9,1997-03-18,2.26,"Normal",0.0203614371693795,"PWD1"
"249","GHCND:USW00024227","OLYMPIA AIRPORT WA US","19971216",2.57,1997-12-16,2.34,"Normal",0.0704965997707147,"PWD1"
"250","GHCND:USW00024227","OLYMPIA AIRPORT WA US","19980114",1.16,1998-01-14,1.75,"Normal",0.0287805293979123,"PWD1"
"251","GHCND:USW00024227","OLYMPIA AIRPORT WA US","19980212",0.84,1998-02-12,0.01,"Normal",0.0405124621824496,"PWD1"
"252","GHCND:USW00024227","OLYMPIA AIRPORT WA US","19980301",0.72,1998-03-01,0,"Normal",0.0225396937266503,"PWD1"
"253","GHCND:USW00024227","OLYMPIA AIRPORT WA US","19981113",2.59,1998-11-13,1.49,"Normal",0.848040442949181,"PWD1"
"254","GHCND:USW00024227","OLYMPIA AIRPORT WA US","19981120",2.42,1998-11-20,2.85,"Normal",0.0467788433415488,"PWD1"
"255","GHCND:USW00024227","OLYMPIA AIRPORT WA US","19981227",2.58,1998-12-27,2.52,"Normal",0.0196015463624845,"PWD1"
"256","GHCND:USW00024227","OLYMPIA AIRPORT WA US","19991125",1.66,1999-11-25,1.38,"Normal",0.0289081612448485,"PWD1"
"257","GHCND:USW00024227","OLYMPIA AIRPORT WA US","19991215",2.53,1999-12-15,2.15,"Normal",0.136469757030968,"PWD1"
"258","GHCND:USW00024227","OLYMPIA AIRPORT WA US","19881229",2.03,1988-12-29,1.76,"Normal",0.0220589873516082,"PWL1"
"259","GHCND:USW00024227","OLYMPIA AIRPORT WA US","19900109",3.82,1990-01-09,4.12,"Normal",0.0686208906935147,"PWL1"
"260","GHCND:USW00024227","OLYMPIA AIRPORT WA US","19901121",1.07,1990-11-21,0,"Normal",0.0777124526912094,"PWL1"
"261","GHCND:USW00024227","OLYMPIA AIRPORT WA US","19901123",2.54,1990-11-23,0.03,"Normal",2.66513979627351,"PWL1"
"262","GHCND:USW00024227","OLYMPIA AIRPORT WA US","19901124",4.08,1990-11-24,2.98,"Normal",1.53143630880481,"PWL1"
"263","GHCND:USW00024227","OLYMPIA AIRPORT WA US","19910219",2.07,1991-02-19,2.7,"Normal",0.0978824329956538,"PWL1"
"264","GHCND:USW00024227","OLYMPIA AIRPORT WA US","19910302",0.92,1991-03-02,1.63,"Normal",0.0234137942423491,"PWL1"
"265","GHCND:USW00024227","OLYMPIA AIRPORT WA US","19910403",1.82,1991-04-03,3.47,"Normal",0.536949658802712,"PWL1"
"266","GHCND:USW00024227","OLYMPIA AIRPORT WA US","19910404",3.11,1991-04-04,5.98,"Normal",5.1665331501645,"PWL1"
"267","GHCND:USW00024227","OLYMPIA AIRPORT WA US","19911119",0.83,1991-11-19,1.83,"Normal",0.0381905853856334,"PWL1"
"268","GHCND:USW00024227","OLYMPIA AIRPORT WA US","19911124",0.9,1991-11-24,1.61,"Normal",0.022397557226597,"PWL1"
"269","GHCND:USW00024227","OLYMPIA AIRPORT WA US","19911126",0.68,1991-11-26,1.47,"Normal",0.0160625785093172,"PWL1"
"270","GHCND:USW00024227","OLYMPIA AIRPORT WA US","19911205",1.45,1991-12-05,2.28,"Normal",0.0823033359506269,"PWL1"
"271","GHCND:USW00024227","OLYMPIA AIRPORT WA US","19920123",1.25,1992-01-23,1.99,"Normal",0.0477962800742039,"PWL1"
"272","GHCND:USW00024227","OLYMPIA AIRPORT WA US","19920127",1.48,1992-01-27,2.35,"Normal",0.0945742650424701,"PWL1"
"273","GHCND:USW00024227","OLYMPIA AIRPORT WA US","19920128",1.32,1992-01-28,2.16,"Normal",0.0693544093009673,"PWL1"
"274","GHCND:USW00024227","OLYMPIA AIRPORT WA US","19920416",1.7,1992-04-16,3.55,"Normal",0.586163623488805,"PWL1"
"275","GHCND:USW00024227","OLYMPIA AIRPORT WA US","19920629",0.57,1992-06-29,1.49,"Normal",0.0158547450990896,"PWL1"
"276","GHCND:USW00024227","OLYMPIA AIRPORT WA US","19920923",1.16,1992-09-23,0,"Normal",0.10802456758514,"PWL1"
"277","GHCND:USW00024227","OLYMPIA AIRPORT WA US","19921121",1.79,1992-11-21,2.76,"Normal",0.175860858645142,"PWL1"
"278","GHCND:USW00024227","OLYMPIA AIRPORT WA US","19921210",1.15,1992-12-10,1.65,"Normal",0.0179783803221109,"PWL1"
"279","GHCND:USW00024227","OLYMPIA AIRPORT WA US","19930120",1.21,1993-01-20,1.69,"Normal",0.0183405261144803,"PWL1"
"280","GHCND:USW00024227","OLYMPIA AIRPORT WA US","19930322",1.56,1993-03-22,1.96,"Normal",0.0211268956110012,"PWL1"
"281","GHCND:USW00024227","OLYMPIA AIRPORT WA US","19941130",2.5,1994-11-30,2.21,"Normal",0.040397090016197,"PWL1"
"282","GHCND:USW00024227","OLYMPIA AIRPORT WA US","19950217",0.94,1995-02-17,2.25,"Normal",0.0847979844603808,"PWL1"
"283","GHCND:USW00024227","OLYMPIA AIRPORT WA US","19950219",1.64,1995-02-19,0.08,"Normal",0.405286675658649,"PWL1"
"284","GHCND:USW00024227","OLYMPIA AIRPORT WA US","19951108",1.13,1995-11-08,1.8,"Normal",0.0316563349145299,"PWL1"
"285","GHCND:USW00024227","OLYMPIA AIRPORT WA US","19951129",2.37,1995-11-29,2.89,"Normal",0.086701538211366,"PWL1"
"286","GHCND:USW00024227","OLYMPIA AIRPORT WA US","19960208",2.75,1996-02-08,2.96,"Normal",0.0158935797423665,"PWL1"
"287","GHCND:USW00024227","OLYMPIA AIRPORT WA US","19961229",0.01,1996-12-29,1.79,"Normal",0.0232254001498791,"PWL1"
"288","GHCND:USW00024227","OLYMPIA AIRPORT WA US","19970106",1.01,1997-01-06,0.07,"Normal",0.0533523889091508,"PWL1"
"289","GHCND:USW00024227","OLYMPIA AIRPORT WA US","19970130",0.73,1997-01-30,0.03,"Normal",0.0154189055688639,"PWL1"
"290","GHCND:USW00024227","OLYMPIA AIRPORT WA US","19970318",1.9,1997-03-18,1.49,"Normal",0.0415389382580783,"PWL1"
"291","GHCND:USW00024227","OLYMPIA AIRPORT WA US","19971216",2.57,1997-12-16,2.01,"Normal",0.146950530083688,"PWL1"
"292","GHCND:USW00024227","OLYMPIA AIRPORT WA US","19980105",1.46,1998-01-05,1,"Normal",0.0290563013901162,"PWL1"
"293","GHCND:USW00024227","OLYMPIA AIRPORT WA US","19941226",2.45,1994-12-26,2.47,"Normal",0.30292089326401,"PWL3"
"294","GHCND:USW00024227","OLYMPIA AIRPORT WA US","19950219",1.64,1995-02-19,1.95,"Normal",0.234318337039879,"PWL3"
"295","GHCND:USW00024227","OLYMPIA AIRPORT WA US","19951108",1.13,1995-11-08,1.41,"Normal",0.0673725660273343,"PWL3"
"296","GHCND:USW00024227","OLYMPIA AIRPORT WA US","19951123",1.1,1995-11-23,0.03,"Normal",0.246352864516374,"PWL3"
"297","GHCND:USW00024227","OLYMPIA AIRPORT WA US","19951127",1.07,1995-11-27,0.01,"Normal",0.229843738667221,"PWL3"
"298","GHCND:USW00024227","OLYMPIA AIRPORT WA US","19951129",2.37,1995-11-29,0.07,"Normal",6.06647527703455,"PWL3"
"299","GHCND:USW00024227","OLYMPIA AIRPORT WA US","19960107",0.98,1996-01-07,0,"Normal",0.164513920071295,"PWL3"
"300","GHCND:USW00024227","OLYMPIA AIRPORT WA US","19960208",2.75,1996-02-08,2.51,"Normal",0.0951424926884602,"PWL3"
"301","GHCND:USW00024227","OLYMPIA AIRPORT WA US","19960422",1.36,1996-04-22,1.67,"Normal",0.131879098140391,"PWL3"
"302","GHCND:USW00024227","OLYMPIA AIRPORT WA US","19960423",2.31,1996-04-23,2.3,"Normal",0.201035237681505,"PWL3"
